layer,method,smoothing,res,pointing_hit_rate,hits,n,mean_iou@0.5,mean_iou@0.3,mean_box_coverage,mean_cam_mass_in_box,mean_cam_area_frac
block4,gradcam,none,224,0.3584905660377358,19,53,0.22959900785139983,0.2043219539514444,0.6450570456929648,0.20069045305951716,0.171683077542287
block4,gradcam,none,320,0.37735849056603776,20,53,0.21423627932043127,0.2288991999483982,0.4488345583368702,0.2601391448361843,0.08734690468266325
block4,gradcam,aug,224,0.37735849056603776,20,53,0.23324796689427668,0.20498820657262612,0.6643891613540873,0.2011176772749487,0.17606800007370282
block4,gradcam,aug,320,0.41509433962264153,22,53,0.21820914314129505,0.23171979276807694,0.45375726553670204,0.25946052682270543,0.09032222459901054
block4,gradcam,eigen,224,0.39622641509433965,21,53,0.23884207713596833,0.22532529140681512,0.5964735305578434,0.25008574521735455,0.13991695979856095
block4,gradcam,eigen,320,0.41509433962264153,22,53,0.22529109594054766,0.23981925244444402,0.47338260793763537,0.3022808081905753,0.08550282244412404
block4,gradcam,both,224,0.41509433962264153,22,53,0.23909459691836263,0.22739343761495073,0.6014918446722661,0.2485315677775245,0.14078996766288326
block4,gradcam,both,320,0.41509433962264153,22,53,0.2231211439271617,0.23394369614645846,0.48882426295751447,0.29486191662658295,0.09793168193889114
block4,gradcam++,none,224,0.37735849056603776,20,53,0.24076567681324226,0.19888429283844278,0.780124048206106,0.18923652196617602,0.21441472251460236
block4,gradcam++,none,320,0.39622641509433965,21,53,0.23625445336333925,0.23734856291084247,0.5542339008840038,0.23123999132987116,0.12083546620494914
block4,gradcam++,aug,224,0.3584905660377358,19,53,0.24211341412403792,0.19914576701746564,0.7789926525986983,0.1889542743970632,0.21549429983462928
block4,gradcam++,aug,320,0.39622641509433965,21,53,0.24230334982071944,0.2312361511277099,0.5964182182355888,0.22822788402857708,0.12543854623470665
block4,gradcam++,eigen,224,0.37735849056603776,20,53,0.24206321250669885,0.22829772109651347,0.6186056762311767,0.2508844098814669,0.1391355406563237
block4,gradcam++,eigen,320,0.41509433962264153,22,53,0.23374948564815165,0.24490016903182718,0.48117986760076054,0.30926602034744616,0.08615675512349831
block4,gradcam++,both,224,0.41509433962264153,22,53,0.24022691806077104,0.23021697511747954,0.5994280644353502,0.2494505638089708,0.13930488082597842
block4,gradcam++,both,320,0.39622641509433965,21,53,0.2323407012807339,0.2351527776882587,0.4977951535608289,0.2924742664877619,0.09323969427144753
block4,hirescam,none,224,0.37735849056603776,20,53,0.2296004456660042,0.20785658847137192,0.6596245222480855,0.20724030273276997,0.18536724234527013
block4,hirescam,none,320,0.41509433962264153,22,53,0.2079468928989984,0.227511241416948,0.429109453604244,0.27708872451759203,0.08039290949983417
block4,hirescam,aug,224,0.3018867924528302,16,53,0.23236585148274663,0.2083764219978858,0.6531056596619801,0.20738850582776122,0.17032731254145783
block4,hirescam,aug,320,0.41509433962264153,22,53,0.2137695284474091,0.22796944061658606,0.4411022552174196,0.2764129200956685,0.08330325360568065
block4,hirescam,eigen,224,0.37735849056603776,20,53,0.23808364588425254,0.22576915924961022,0.60262345276046,0.25031846289861187,0.1400128850397074
block4,hirescam,eigen,320,0.4339622641509434,23,53,0.22336595783653945,0.24000502081517958,0.4681789099133567,0.303843590658106,0.08341431167890441
block4,hirescam,both,224,0.37735849056603776,20,53,0.23649519869605867,0.22610145172378943,0.6064670831036542,0.24796902546016406,0.14390065535059515
block4,hirescam,both,320,0.37735849056603776,20,53,0.22132580531227466,0.23243065292882137,0.492247321771457,0.28795097126516267,0.1175514077240566
block4,layercam,none,224,0.37735849056603776,20,53,0.2382070767047183,0.1973481255263518,0.7859695971985698,0.18414418214227332,0.22050517460085312
block4,layercam,none,320,0.4339622641509434,23,53,0.23735550805218095,0.22939808365655429,0.601630085927355,0.21033031588833107,0.13385625155466907
block4,layercam,aug,224,0.3584905660377358,19,53,0.24000018571440943,0.19641467412533345,0.7914546254741542,0.1840480851338614,0.22230999424772444
block4,layercam,aug,320,0.4339622641509434,23,53,0.23811356144571502,0.2247867399483974,0.6211106270944199,0.2077609512211159,0.13902181949255601
block4,layercam,eigen,224,0.39622641509433965,21,53,0.24028928511043868,0.22834899173260761,0.6261092363156152,0.25081496944214027,0.13886359952530772
block4,layercam,eigen,320,0.39622641509433965,21,53,0.23127410303150758,0.24288503037228668,0.4735850521771814,0.3103277537426304,0.08412352148092019
block4,layercam,both,224,0.37735849056603776,20,53,0.2388040207212549,0.23146187394556866,0.5949749349448892,0.25016527102371205,0.13832311810187572
block4,layercam,both,320,0.41509433962264153,22,53,0.22832908638536004,0.2366791205102667,0.4911113810111914,0.2924887743798914,0.10579724581736438
block4,xgradcam,none,224,0.3018867924528302,16,53,0.16790992729574003,0.1713382658946188,0.3987717767788492,0.16935905537612597,0.14149818780287257
block4,xgradcam,none,320,0.3018867924528302,16,53,0.1383808388227278,0.15584079463756698,0.2716055166370724,0.17052090636205375,0.09063857456423202
block4,xgradcam,aug,224,0.3584905660377358,19,53,0.21898952894410706,0.17866452317150183,0.6496657034161525,0.15715385973136184,0.21511524128464032
block4,xgradcam,aug,320,0.39622641509433965,21,53,0.19975840334655445,0.1835847259608548,0.4889454881701472,0.1643821851371385,0.11937575070363171
block4,xgradcam,eigen,224,0.20754716981132076,11,53,0.11647674117142469,0.12207842676743906,0.3007102936462324,0.14572555973956997,0.12040577294691554
block4,xgradcam,eigen,320,0.3018867924528302,16,53,0.148158113562507,0.15474313447967916,0.31334838501338164,0.18925958711799024,0.0840674526286575
block4,xgradcam,both,224,0.2830188679245283,15,53,0.1927891099168579,0.15183081492929584,0.5834538135603431,0.142662040734014,0.22512880361305093
block4,xgradcam,both,320,0.37735849056603776,20,53,0.17402285688821176,0.16556985855818812,0.43477468624556126,0.147201790048454,0.151944304412266
block3,gradcam,none,224,0.39622641509433965,21,53,0.17831529780609415,0.19789662164950364,0.3051935461594604,0.2520973063713777,0.05462104869338701
block3,gradcam,none,320,0.41509433962264153,22,53,0.126158633935167,0.14079401677698067,0.22084741792250054,0.22183920009638003,0.045001983642578125
block3,gradcam,aug,224,0.5283018867924528,28,53,0.18802711466219635,0.2036350205060034,0.32924159788674484,0.2495272150513979,0.05627250671386719
block3,gradcam,aug,320,0.41509433962264153,22,53,0.13469322023831634,0.14854511340756332,0.23530184502723886,0.2218392123753775,0.045000148269365416
block3,gradcam,eigen,224,0.09433962264150944,5,53,0.04801940220251407,0.05268627522362144,0.12786222408109568,0.05931404243828957,0.04792528332404371
block3,gradcam,eigen,320,0.05660377358490566,3,53,0.024538679763664747,0.02248321272118401,0.07195146770326309,0.03886888494047699,0.02589157392393868
block3,gradcam,both,224,0.03773584905660377,2,53,0.01761046093825536,0.023001401673981518,0.0998926386704861,0.033245041039872296,0.06365000526860075
block3,gradcam,both,320,0.03773584905660377,2,53,0.023437833673214576,0.027769089514222287,0.08012788989878449,0.03786656145466396,0.03606623523640183
block3,gradcam++,none,224,0.07547169811320754,4,53,0.021468442467170296,0.04573226471711424,0.03119079262432663,0.1771997317774003,0.01225374329764888
block3,gradcam++,none,320,0.018867924528301886,1,53,0.0031683793265491673,0.011200362864324229,0.0036110476092704124,0.09381307131612657,0.004250382477382444
block3,gradcam++,aug,224,0.05660377358490566,3,53,0.019579623539826393,0.04730293098883148,0.024533885857729164,0.16820655197105858,0.008699956929908608
block3,gradcam++,aug,320,0.0,0,53,0.0014782169516146138,0.006564711773746033,0.0015841856122673526,0.0996361678309457,0.0038376034430737766
block3,gradcam++,eigen,224,0.11320754716981132,6,53,0.05118428034215762,0.0589658843837953,0.107350882531886,0.06791285597377857,0.04020816874953936
block3,gradcam++,eigen,320,0.05660377358490566,3,53,0.03537824832430979,0.03916239704133303,0.07981503675999162,0.05588121140357745,0.044381141662597656
block3,gradcam++,both,224,0.11320754716981132,6,53,0.040998850556264954,0.037502673733000924,0.111071364945116,0.051902871382606776,0.06771089445869878
block3,gradcam++,both,320,0.018867924528301886,1,53,0.02361268352329992,0.029041838482962677,0.06107252957319811,0.048893158956736224,0.04437574350608969
block3,hirescam,none,224,0.5094339622641509,27,53,0.14998574769137135,0.1871662882029726,0.2062193158468756,0.27167007707800217,0.023607703874695976
block3,hirescam,none,320,0.5094339622641509,27,53,0.11495018187288115,0.15171195566904516,0.1535673903443661,0.2647289146106521,0.013168280979372421
block3,hirescam,aug,224,0.5849056603773585,31,53,0.15819073749864482,0.20144426814896832,0.23952694074389883,0.2704702911328847,0.02791471301384692
block3,hirescam,aug,320,0.5283018867924528,28,53,0.1268367346507355,0.18174848924288847,0.17311161223324528,0.26584085275107444,0.014437171648133476
block3,hirescam,eigen,224,0.4528301886792453,24,53,0.17934118050713768,0.21210357224059775,0.26249587621655385,0.37884754485422767,0.04140004571878685
block3,hirescam,eigen,320,0.4716981132075472,25,53,0.11396897083264787,0.16503147867443926,0.13554061998229203,0.38332444642874314,0.025872878308566112
block3,hirescam,both,224,0.49056603773584906,26,53,0.18585310073668876,0.21940259091702666,0.2877792803626244,0.35615549542006647,0.07708234607048754
block3,hirescam,both,320,0.5283018867924528,28,53,0.15180385302073535,0.1972821678960404,0.20086360735157097,0.32690915897010697,0.040286334055774614
block3,layercam,none,224,0.5849056603773585,31,53,0.2318092323198325,0.2525025904645151,0.44523103559727517,0.2158403000696269,0.0601879875614958
block3,layercam,none,320,0.5094339622641509,27,53,0.1858852044727088,0.23769695925000786,0.3120276684222582,0.21121456199994157,0.037315278683068616
block3,layercam,aug,224,0.5660377358490566,30,53,0.23566330479702766,0.2607945939575773,0.47257673226294555,0.21523587278698608,0.06446206794594819
block3,layercam,aug,320,0.5471698113207547,29,53,0.21165125616298444,0.24646543573815335,0.3318782801712806,0.21052465551436209,0.03742754234457916
block3,layercam,eigen,224,0.5094339622641509,27,53,0.19052445800181525,0.22155686750140763,0.28008689815954135,0.39000769318192813,0.029563094085117557
block3,layercam,eigen,320,0.5283018867924528,28,53,0.13491439136990588,0.19381341135083438,0.17939283369027995,0.4271367499135767,0.0415332722214033
block3,layercam,both,224,0.5283018867924528,28,53,0.19947354140549484,0.23516715041908445,0.2854910360119744,0.38891613250191875,0.03250159857408056
block3,layercam,both,320,0.6226415094339622,33,53,0.165574149788543,0.2182958879966988,0.2301420755579608,0.4172218849999437,0.054630639418116154
block3,xgradcam,none,224,0.1320754716981132,7,53,0.07400499716122334,0.08991355164575168,0.13525885787158828,0.10797705365465156,0.053714320344744985
block3,xgradcam,none,320,0.03773584905660377,2,53,0.02794405005867332,0.044172290832144516,0.06026363677921894,0.07401478654407981,0.03479952182409898
block3,xgradcam,aug,224,0.11320754716981132,6,53,0.07065171769896765,0.08423602673408369,0.21502708325033187,0.08783738785482861,0.12001033998885245
block3,xgradcam,aug,320,0.07547169811320754,4,53,0.0413786170656026,0.0583252922922841,0.10637969341830665,0.0709532674367096,0.08436082444101009
block3,xgradcam,eigen,224,0.1320754716981132,7,53,0.06378681804080856,0.07879150503180393,0.12493020639190541,0.09930518410310193,0.06404653585182046
block3,xgradcam,eigen,320,0.11320754716981132,6,53,0.02542083583152979,0.03732592979462548,0.06915723933073319,0.07123763420731812,0.044902675556686686
block3,xgradcam,both,224,0.1509433962264151,8,53,0.06665251973355564,0.0749452397332414,0.18295357084520947,0.0831332015253657,0.11570410458546765
block3,xgradcam,both,320,0.11320754716981132,6,53,0.06475958554203723,0.08649657621590506,0.20029533568716185,0.08779087208623187,0.09875105012137934
block3+4,gradcam,none,224,0.4716981132075472,25,53,0.2243249904151947,0.22316929596904994,0.5085878829607313,0.20743032131858866,0.0977357288576522
block3+4,gradcam,none,320,0.5660377358490566,30,53,0.19116555773838262,0.20425107441417606,0.37932492562575637,0.21903176275866018,0.061156092949633326
block3+4,gradcam,aug,224,0.49056603773584906,26,53,0.22805469383062077,0.22357481734995432,0.5558334625789854,0.2053148809904024,0.11002114134014777
block3+4,gradcam,aug,320,0.5283018867924528,28,53,0.209085826360942,0.2086600371007736,0.41575670013222615,0.221316548283637,0.06559803800762824
block3+4,gradcam,eigen,224,0.37735849056603776,20,53,0.20888827710235358,0.1809756433861892,0.6115245976228193,0.17718262119924116,0.16949401711517909
block3+4,gradcam,eigen,320,0.41509433962264153,22,53,0.2016044389331528,0.1956212214014119,0.48763071401133634,0.19678008112534318,0.10320605871812352
block3+4,gradcam,both,224,0.39622641509433965,21,53,0.21534453429121164,0.17447686992567277,0.6147673322749009,0.1639117450503641,0.16817202658023475
block3+4,gradcam,both,320,0.39622641509433965,21,53,0.20726452514393032,0.19347318656562468,0.4805996512974339,0.19062058479963098,0.09799941080921101
block3+4,gradcam++,none,224,0.39622641509433965,21,53,0.23176751913753432,0.21410313748128648,0.6866245617947201,0.1908608943946594,0.17894505554775023
block3+4,gradcam++,none,320,0.24528301886792453,13,53,0.22555334799790908,0.23067072093711857,0.5122003760984667,0.22465269891331907,0.11038774814245836
block3+4,gradcam++,aug,224,0.5283018867924528,28,53,0.23274301646596532,0.20930239669956685,0.7171771169526585,0.18782830968013103,0.18673231016914799
block3+4,gradcam++,aug,320,0.33962264150943394,18,53,0.23120175652119246,0.22308290529109556,0.5736004091726806,0.21957106385601954,0.11950850936601747
block3+4,gradcam++,eigen,224,0.37735849056603776,20,53,0.21618874885834594,0.18431618355875198,0.6002807500311124,0.17685235616112988,0.16171737886824697
block3+4,gradcam++,eigen,320,0.39622641509433965,21,53,0.20232111055220198,0.1901486907270334,0.48724167018135367,0.18555726828470784,0.10734128052333616
block3+4,gradcam++,both,224,0.4339622641509434,23,53,0.22862906332571992,0.18140475981291437,0.6050052690124328,0.16336673948852468,0.1581795890376253
block3+4,gradcam++,both,320,0.3018867924528302,16,53,0.22057029995198082,0.1975943906843359,0.5025947872080275,0.1769948798866951,0.10174828655314895
block3+4,hirescam,none,224,0.5660377358490566,30,53,0.2131379272848018,0.23180215931150805,0.4531113381623798,0.22623874129023233,0.07834029647539247
block3+4,hirescam,none,320,0.5471698113207547,29,53,0.17029220618024105,0.21973183369369997,0.304629601767279,0.2772358272902964,0.04123522200674381
block3+4,hirescam,aug,224,0.5849056603773585,31,53,0.21959670776478873,0.23623314832478795,0.5309050536323652,0.22473205854009978,0.09615039825439453
block3+4,hirescam,aug,320,0.5471698113207547,29,53,0.1971950902971361,0.22603454766187342,0.3706495668450193,0.27740002521921064,0.05155988009470814
block3+4,hirescam,eigen,224,0.49056603773584906,26,53,0.2311570034760789,0.2421658557037737,0.47976932205829137,0.2712690765234285,0.09145409206174454
block3+4,hirescam,eigen,320,0.4528301886792453,24,53,0.19033995169587267,0.2235595909628692,0.3424617850262114,0.31020561834125554,0.055805998028449294
block3+4,hirescam,both,224,0.4716981132075472,25,53,0.23700025785081022,0.24272401251340187,0.512578109651378,0.2654662534175877,0.09416423653656582
block3+4,hirescam,both,320,0.49056603773584906,26,53,0.21538096726546838,0.23744972133213355,0.41121490091741647,0.279749876043086,0.09510258008848946
block3+4,layercam,none,224,0.5849056603773585,31,53,0.26019906297954565,0.2277638449927854,0.6916559536517065,0.19709271791370397,0.14428261091124336
block3+4,layercam,none,320,0.5660377358490566,30,53,0.23786890718593814,0.24134842901566814,0.5166632602626582,0.21224698163957573,0.0854285977921396
block3+4,layercam,aug,224,0.5660377358490566,30,53,0.2643635123173433,0.2273958502564507,0.6985159518771529,0.1967353741846041,0.14923477172851562
block3+4,layercam,aug,320,0.5660377358490566,30,53,0.24617252941084564,0.2383547729793584,0.5380783402376657,0.21034018186742948,0.08825104191618145
block3+4,layercam,eigen,224,0.5283018867924528,28,53,0.2389638732829358,0.2500801494683108,0.4900838459914221,0.2798633887865263,0.07741676186615566
block3+4,layercam,eigen,320,0.49056603773584906,26,53,0.2074794375339406,0.2424825092920031,0.34002478769405736,0.3336452572427346,0.06759020967303582
block3+4,layercam,both,224,0.5283018867924528,28,53,0.23909408299411555,0.2523762444013506,0.5104128383173996,0.2795385492799951,0.083747018058345
