model,split,threshold_strategy,class,precision,recall,f1,support
densenet121_imagenet,train  ,youden            ,Atelectasis       ,0.1875,0.7682,0.3015,2032
densenet121_imagenet,train  ,youden            ,Cardiomegaly      ,0.0545,0.8706,0.1026,564
densenet121_imagenet,train  ,youden            ,Consolidation     ,0.09,0.865,0.163,904
densenet121_imagenet,train  ,youden            ,Edema             ,0.0639,0.9004,0.1192,472
densenet121_imagenet,train  ,youden            ,Effusion          ,0.2612,0.8509,0.3997,2576
densenet121_imagenet,train  ,youden            ,Emphysema         ,0.0619,0.878,0.1156,508
densenet121_imagenet,train  ,youden            ,Fibrosis          ,0.0424,0.7708,0.0803,336
densenet121_imagenet,train  ,youden            ,Hernia            ,0.0086,1.0,0.017,52
densenet121_imagenet,train  ,youden            ,Infiltration      ,0.3122,0.5253,0.3916,3868
densenet121_imagenet,train  ,youden            ,Mass              ,0.1069,0.7491,0.1872,1136
densenet121_imagenet,train  ,youden            ,Nodule            ,0.0928,0.7947,0.1662,1252
densenet121_imagenet,train  ,youden            ,Pleural_Thickening,0.0678,0.8565,0.1256,704
densenet121_imagenet,train  ,youden            ,Pneumonia         ,0.02,0.9315,0.0392,248
densenet121_imagenet,train  ,youden            ,Pneumothorax      ,0.1274,0.8635,0.2221,1084
densenet121_imagenet,train  ,youden            ,<micro avg>       ,0.1045,0.7534,0.1836,15736
densenet121_imagenet,train  ,youden            ,<macro avg>       ,0.1069,0.8303,0.1736,15736
densenet121_imagenet,train  ,youden            ,<weighted avg>    ,0.1829,0.7534,0.271,15736
densenet121_imagenet,heldout,youden            ,Atelectasis       ,0.1702,0.7087,0.2745,508
densenet121_imagenet,heldout,youden            ,Cardiomegaly      ,0.0455,0.7589,0.0859,141
densenet121_imagenet,heldout,youden            ,Consolidation     ,0.0832,0.7876,0.1505,226
densenet121_imagenet,heldout,youden            ,Edema             ,0.061,0.8559,0.1138,118
densenet121_imagenet,heldout,youden            ,Effusion          ,0.246,0.8075,0.3771,644
densenet121_imagenet,heldout,youden            ,Emphysema         ,0.0535,0.7559,0.0998,127
densenet121_imagenet,heldout,youden            ,Fibrosis          ,0.0293,0.5357,0.0555,84
densenet121_imagenet,heldout,youden            ,Hernia            ,0.0064,0.7692,0.0127,13
densenet121_imagenet,heldout,youden            ,Infiltration      ,0.2957,0.4922,0.3694,967
densenet121_imagenet,heldout,youden            ,Mass              ,0.0923,0.6408,0.1613,284
densenet121_imagenet,heldout,youden            ,Nodule            ,0.0803,0.6869,0.1437,313
densenet121_imagenet,heldout,youden            ,Pleural_Thickening,0.058,0.7443,0.1076,176
densenet121_imagenet,heldout,youden            ,Pneumonia         ,0.0163,0.7581,0.032,62
densenet121_imagenet,heldout,youden            ,Pneumothorax      ,0.111,0.7565,0.1936,271
densenet121_imagenet,heldout,youden            ,<micro avg>       ,0.0937,0.6795,0.1647,3934
densenet121_imagenet,heldout,youden            ,<macro avg>       ,0.0963,0.7184,0.1555,3934
densenet121_imagenet,heldout,youden            ,<weighted avg>    ,0.1691,0.6795,0.2493,3934
densenet121_imagenet,train  ,f1opt             ,Atelectasis       ,0.2734,0.5108,0.3562,2032
densenet121_imagenet,train  ,f1opt             ,Cardiomegaly      ,0.2457,0.2784,0.261,564
densenet121_imagenet,train  ,f1opt             ,Consolidation     ,0.1468,0.4369,0.2197,904
densenet121_imagenet,train  ,f1opt             ,Edema             ,0.2129,0.3369,0.2609,472
densenet121_imagenet,train  ,f1opt             ,Effusion          ,0.3495,0.6285,0.4492,2576
densenet121_imagenet,train  ,f1opt             ,Emphysema         ,0.2274,0.372,0.2823,508
densenet121_imagenet,train  ,f1opt             ,Fibrosis          ,0.1489,0.3333,0.2059,336
densenet121_imagenet,train  ,f1opt             ,Hernia            ,0.359,0.2692,0.3077,52
densenet121_imagenet,train  ,f1opt             ,Infiltration      ,0.3004,0.5726,0.3941,3868
densenet121_imagenet,train  ,f1opt             ,Mass              ,0.2233,0.3169,0.262,1136
densenet121_imagenet,train  ,f1opt             ,Nodule            ,0.1944,0.3307,0.2448,1252
densenet121_imagenet,train  ,f1opt             ,Pleural_Thickening,0.1686,0.3097,0.2183,704
densenet121_imagenet,train  ,f1opt             ,Pneumonia         ,0.1209,0.2056,0.1522,248
densenet121_imagenet,train  ,f1opt             ,Pneumothorax      ,0.2543,0.4649,0.3288,1084
densenet121_imagenet,train  ,f1opt             ,<micro avg>       ,0.2573,0.4731,0.3333,15736
densenet121_imagenet,train  ,f1opt             ,<macro avg>       ,0.2304,0.3833,0.2817,15736
densenet121_imagenet,train  ,f1opt             ,<weighted avg>    ,0.2602,0.4731,0.3339,15736
densenet121_imagenet,heldout,f1opt             ,Atelectasis       ,0.2207,0.4114,0.2873,508
densenet121_imagenet,heldout,f1opt             ,Cardiomegaly      ,0.0974,0.1064,0.1017,141
densenet121_imagenet,heldout,f1opt             ,Consolidation     ,0.106,0.3142,0.1585,226
densenet121_imagenet,heldout,f1opt             ,Edema             ,0.0909,0.1356,0.1088,118
densenet121_imagenet,heldout,f1opt             ,Effusion          ,0.304,0.5419,0.3895,644
densenet121_imagenet,heldout,f1opt             ,Emphysema         ,0.1105,0.1575,0.1299,127
densenet121_imagenet,heldout,f1opt             ,Fibrosis          ,0.0632,0.1429,0.0876,84
densenet121_imagenet,heldout,f1opt             ,Hernia            ,0.0,0.0,0.0,13
densenet121_imagenet,heldout,f1opt             ,Infiltration      ,0.2746,0.5191,0.3592,967
densenet121_imagenet,heldout,f1opt             ,Mass              ,0.1477,0.2007,0.1701,284
densenet121_imagenet,heldout,f1opt             ,Nodule            ,0.1417,0.23,0.1754,313
densenet121_imagenet,heldout,f1opt             ,Pleural_Thickening,0.0977,0.1705,0.1242,176
densenet121_imagenet,heldout,f1opt             ,Pneumonia         ,0.036,0.0645,0.0462,62
densenet121_imagenet,heldout,f1opt             ,Pneumothorax      ,0.1835,0.2952,0.2263,271
densenet121_imagenet,heldout,f1opt             ,<micro avg>       ,0.2039,0.3653,0.2617,3934
densenet121_imagenet,heldout,f1opt             ,<macro avg>       ,0.1339,0.235,0.1689,3934
densenet121_imagenet,heldout,f1opt             ,<weighted avg>    ,0.2025,0.3653,0.2593,3934
densenet121_chexpert,train  ,youden            ,Atelectasis       ,0.1567,0.7101,0.2567,2032
densenet121_chexpert,train  ,youden            ,Cardiomegaly      ,0.0483,0.8812,0.0917,564
densenet121_chexpert,train  ,youden            ,Consolidation     ,0.0884,0.7765,0.1587,904
densenet121_chexpert,train  ,youden            ,Edema             ,0.0519,0.822,0.0976,472
densenet121_chexpert,train  ,youden            ,Effusion          ,0.2635,0.722,0.3861,2576
densenet121_chexpert,train  ,youden            ,Emphysema         ,0.0477,0.7598,0.0897,508
densenet121_chexpert,train  ,youden            ,Fibrosis          ,0.0315,0.619,0.06,336
densenet121_chexpert,train  ,youden            ,Hernia            ,0.0069,0.9808,0.0137,52
densenet121_chexpert,train  ,youden            ,Infiltration      ,0.273,0.5577,0.3666,3868
densenet121_chexpert,train  ,youden            ,Mass              ,0.0897,0.6822,0.1586,1136
densenet121_chexpert,train  ,youden            ,Nodule            ,0.091,0.5375,0.1556,1252
densenet121_chexpert,train  ,youden            ,Pleural_Thickening,0.0574,0.6151,0.1049,704
densenet121_chexpert,train  ,youden            ,Pneumonia         ,0.0198,0.6976,0.0385,248
densenet121_chexpert,train  ,youden            ,Pneumothorax      ,0.0972,0.7279,0.1715,1084
densenet121_chexpert,train  ,youden            ,<micro avg>       ,0.0937,0.6695,0.1644,15736
densenet121_chexpert,train  ,youden            ,<macro avg>       ,0.0945,0.7207,0.1536,15736
densenet121_chexpert,train  ,youden            ,<weighted avg>    ,0.1644,0.6695,0.247,15736
densenet121_chexpert,heldout,youden            ,Atelectasis       ,0.1582,0.7205,0.2595,508
densenet121_chexpert,heldout,youden            ,Cardiomegaly      ,0.0465,0.8511,0.0882,141
densenet121_chexpert,heldout,youden            ,Consolidation     ,0.0874,0.7655,0.1569,226
densenet121_chexpert,heldout,youden            ,Edema             ,0.0514,0.8136,0.0968,118
densenet121_chexpert,heldout,youden            ,Effusion          ,0.2632,0.7252,0.3863,644
densenet121_chexpert,heldout,youden            ,Emphysema         ,0.0474,0.7559,0.0891,127
densenet121_chexpert,heldout,youden            ,Fibrosis          ,0.0299,0.5833,0.0568,84
densenet121_chexpert,heldout,youden            ,Hernia            ,0.006,0.8462,0.0119,13
densenet121_chexpert,heldout,youden            ,Infiltration      ,0.2723,0.5502,0.3643,967
densenet121_chexpert,heldout,youden            ,Mass              ,0.0882,0.6761,0.156,284
densenet121_chexpert,heldout,youden            ,Nodule            ,0.0899,0.5304,0.1537,313
densenet121_chexpert,heldout,youden            ,Pleural_Thickening,0.0555,0.5966,0.1016,176
densenet121_chexpert,heldout,youden            ,Pneumonia         ,0.0178,0.629,0.0345,62
densenet121_chexpert,heldout,youden            ,Pneumothorax      ,0.0945,0.7122,0.1668,271
densenet121_chexpert,heldout,youden            ,<micro avg>       ,0.0926,0.6622,0.1625,3934
densenet121_chexpert,heldout,youden            ,<macro avg>       ,0.0934,0.6968,0.1516,3934
densenet121_chexpert,heldout,youden            ,<weighted avg>    ,0.1637,0.6622,0.2456,3934
densenet121_chexpert,train  ,f1opt             ,Atelectasis       ,0.2005,0.4636,0.2799,2032
densenet121_chexpert,train  ,f1opt             ,Cardiomegaly      ,0.1094,0.2571,0.1535,564
densenet121_chexpert,train  ,f1opt             ,Consolidation     ,0.1241,0.4735,0.1966,904
densenet121_chexpert,train  ,f1opt             ,Edema             ,0.1231,0.3432,0.1812,472
densenet121_chexpert,train  ,f1opt             ,Effusion          ,0.2813,0.6673,0.3958,2576
densenet121_chexpert,train  ,f1opt             ,Emphysema         ,0.0876,0.252,0.1299,508
densenet121_chexpert,train  ,f1opt             ,Fibrosis          ,0.0515,0.2649,0.0863,336
densenet121_chexpert,train  ,f1opt             ,Hernia            ,0.042,0.0962,0.0585,52
densenet121_chexpert,train  ,f1opt             ,Infiltration      ,0.2744,0.5561,0.3675,3868
densenet121_chexpert,train  ,f1opt             ,Mass              ,0.151,0.3116,0.2034,1136
densenet121_chexpert,train  ,f1opt             ,Nodule            ,0.1188,0.3331,0.1751,1252
densenet121_chexpert,train  ,f1opt             ,Pleural_Thickening,0.0829,0.2983,0.1297,704
densenet121_chexpert,train  ,f1opt             ,Pneumonia         ,0.0668,0.1371,0.0898,248
densenet121_chexpert,train  ,f1opt             ,Pneumothorax      ,0.2021,0.3312,0.251,1084
densenet121_chexpert,train  ,f1opt             ,<micro avg>       ,0.1845,0.4539,0.2623,15736
densenet121_chexpert,train  ,f1opt             ,<macro avg>       ,0.1368,0.3418,0.1927,15736
densenet121_chexpert,train  ,f1opt             ,<weighted avg>    ,0.1972,0.4539,0.2729,15736
densenet121_chexpert,heldout,f1opt             ,Atelectasis       ,0.1899,0.437,0.2648,508
densenet121_chexpert,heldout,f1opt             ,Cardiomegaly      ,0.0854,0.1915,0.1182,141
densenet121_chexpert,heldout,f1opt             ,Consolidation     ,0.1053,0.3894,0.1657,226
densenet121_chexpert,heldout,f1opt             ,Edema             ,0.1003,0.2712,0.1465,118
densenet121_chexpert,heldout,f1opt             ,Effusion          ,0.2759,0.6537,0.388,644
densenet121_chexpert,heldout,f1opt             ,Emphysema         ,0.0716,0.1969,0.105,127
densenet121_chexpert,heldout,f1opt             ,Fibrosis          ,0.0359,0.1786,0.0598,84
densenet121_chexpert,heldout,f1opt             ,Hernia            ,0.0,0.0,0.0,13
densenet121_chexpert,heldout,f1opt             ,Infiltration      ,0.2726,0.546,0.3636,967
densenet121_chexpert,heldout,f1opt             ,Mass              ,0.1429,0.2923,0.1919,284
densenet121_chexpert,heldout,f1opt             ,Nodule            ,0.105,0.2843,0.1533,313
densenet121_chexpert,heldout,f1opt             ,Pleural_Thickening,0.0729,0.267,0.1145,176
densenet121_chexpert,heldout,f1opt             ,Pneumonia         ,0.0376,0.0806,0.0513,62
densenet121_chexpert,heldout,f1opt             ,Pneumothorax      ,0.1888,0.31,0.2346,271
densenet121_chexpert,heldout,f1opt             ,<micro avg>       ,0.1745,0.4235,0.2472,3934
densenet121_chexpert,heldout,f1opt             ,<macro avg>       ,0.1203,0.2927,0.1684,3934
densenet121_chexpert,heldout,f1opt             ,<weighted avg>    ,0.1874,0.4235,0.2581,3934
efficientnet_b0     ,train  ,youden            ,Atelectasis       ,0.1903,0.752,0.3037,2032
efficientnet_b0     ,train  ,youden            ,Cardiomegaly      ,0.0647,0.8422,0.1202,564
efficientnet_b0     ,train  ,youden            ,Consolidation     ,0.0786,0.917,0.1447,904
efficientnet_b0     ,train  ,youden            ,Edema             ,0.0577,0.9195,0.1086,472
efficientnet_b0     ,train  ,youden            ,Effusion          ,0.2186,0.887,0.3507,2576
efficientnet_b0     ,train  ,youden            ,Emphysema         ,0.0679,0.7933,0.1251,508
efficientnet_b0     ,train  ,youden            ,Fibrosis          ,0.0259,0.8661,0.0503,336
efficientnet_b0     ,train  ,youden            ,Hernia            ,0.01,1.0,0.0198,52
efficientnet_b0     ,train  ,youden            ,Infiltration      ,0.2966,0.5349,0.3816,3868
efficientnet_b0     ,train  ,youden            ,Mass              ,0.1005,0.7386,0.1769,1136
efficientnet_b0     ,train  ,youden            ,Nodule            ,0.1132,0.5735,0.1891,1252
efficientnet_b0     ,train  ,youden            ,Pleural_Thickening,0.0519,0.8991,0.0982,704
efficientnet_b0     ,train  ,youden            ,Pneumonia         ,0.0284,0.9274,0.0551,248
efficientnet_b0     ,train  ,youden            ,Pneumothorax      ,0.1317,0.8192,0.2269,1084
efficientnet_b0     ,train  ,youden            ,<micro avg>       ,0.1015,0.7419,0.1786,15736
efficientnet_b0     ,train  ,youden            ,<macro avg>       ,0.1026,0.8193,0.1679,15736
efficientnet_b0     ,train  ,youden            ,<weighted avg>    ,0.1727,0.7419,0.2602,15736
efficientnet_b0     ,heldout,youden            ,Atelectasis       ,0.173,0.6969,0.2772,508
efficientnet_b0     ,heldout,youden            ,Cardiomegaly      ,0.0526,0.695,0.0978,141
efficientnet_b0     ,heldout,youden            ,Consolidation     ,0.0741,0.854,0.1363,226
efficientnet_b0     ,heldout,youden            ,Edema             ,0.0543,0.8475,0.1021,118
efficientnet_b0     ,heldout,youden            ,Effusion          ,0.21,0.8634,0.3378,644
efficientnet_b0     ,heldout,youden            ,Emphysema         ,0.0595,0.6929,0.1097,127
efficientnet_b0     ,heldout,youden            ,Fibrosis          ,0.0214,0.75,0.0415,84
efficientnet_b0     ,heldout,youden            ,Hernia            ,0.007,0.6923,0.0139,13
efficientnet_b0     ,heldout,youden            ,Infiltration      ,0.281,0.5057,0.3613,967
efficientnet_b0     ,heldout,youden            ,Mass              ,0.0855,0.6338,0.1507,284
efficientnet_b0     ,heldout,youden            ,Nodule            ,0.0948,0.492,0.159,313
efficientnet_b0     ,heldout,youden            ,Pleural_Thickening,0.047,0.8239,0.089,176
efficientnet_b0     ,heldout,youden            ,Pneumonia         ,0.0217,0.7258,0.0421,62
efficientnet_b0     ,heldout,youden            ,Pneumothorax      ,0.1131,0.7085,0.1951,271
efficientnet_b0     ,heldout,youden            ,<micro avg>       ,0.0918,0.6777,0.1617,3934
efficientnet_b0     ,heldout,youden            ,<macro avg>       ,0.0925,0.713,0.151,3934
efficientnet_b0     ,heldout,youden            ,<weighted avg>    ,0.1599,0.6777,0.2404,3934
efficientnet_b0     ,train  ,f1opt             ,Atelectasis       ,0.2404,0.5349,0.3317,2032
efficientnet_b0     ,train  ,f1opt             ,Cardiomegaly      ,0.1976,0.3209,0.2446,564
efficientnet_b0     ,train  ,f1opt             ,Consolidation     ,0.1689,0.4392,0.2439,904
efficientnet_b0     ,train  ,f1opt             ,Edema             ,0.1697,0.5106,0.2548,472
efficientnet_b0     ,train  ,f1opt             ,Effusion          ,0.3033,0.6258,0.4086,2576
efficientnet_b0     ,train  ,f1opt             ,Emphysema         ,0.1985,0.374,0.2594,508
efficientnet_b0     ,train  ,f1opt             ,Fibrosis          ,0.1661,0.1548,0.1602,336
efficientnet_b0     ,train  ,f1opt             ,Hernia            ,0.45,0.3462,0.3913,52
efficientnet_b0     ,train  ,f1opt             ,Infiltration      ,0.3116,0.5008,0.3842,3868
efficientnet_b0     ,train  ,f1opt             ,Mass              ,0.1907,0.3724,0.2522,1136
efficientnet_b0     ,train  ,f1opt             ,Nodule            ,0.1884,0.278,0.2246,1252
efficientnet_b0     ,train  ,f1opt             ,Pleural_Thickening,0.1328,0.3679,0.1952,704
efficientnet_b0     ,train  ,f1opt             ,Pneumonia         ,0.1261,0.3427,0.1844,248
efficientnet_b0     ,train  ,f1opt             ,Pneumothorax      ,0.2116,0.5111,0.2993,1084
efficientnet_b0     ,train  ,f1opt             ,<micro avg>       ,0.2355,0.4692,0.3136,15736
efficientnet_b0     ,train  ,f1opt             ,<macro avg>       ,0.2183,0.4057,0.2739,15736
efficientnet_b0     ,train  ,f1opt             ,<weighted avg>    ,0.2419,0.4692,0.316,15736
efficientnet_b0     ,heldout,f1opt             ,Atelectasis       ,0.2007,0.4528,0.2781,508
efficientnet_b0     ,heldout,f1opt             ,Cardiomegaly      ,0.1005,0.156,0.1222,141
efficientnet_b0     ,heldout,f1opt             ,Consolidation     ,0.1115,0.2788,0.1593,226
efficientnet_b0     ,heldout,f1opt             ,Edema             ,0.0894,0.2712,0.1345,118
efficientnet_b0     ,heldout,f1opt             ,Effusion          ,0.2747,0.5652,0.3697,644
efficientnet_b0     ,heldout,f1opt             ,Emphysema         ,0.0854,0.1339,0.1043,127
efficientnet_b0     ,heldout,f1opt             ,Fibrosis          ,0.0541,0.0476,0.0506,84
efficientnet_b0     ,heldout,f1opt             ,Hernia            ,0.0,0.0,0.0,13
efficientnet_b0     ,heldout,f1opt             ,Infiltration      ,0.2878,0.4623,0.3548,967
efficientnet_b0     ,heldout,f1opt             ,Mass              ,0.1436,0.2817,0.1902,284
efficientnet_b0     ,heldout,f1opt             ,Nodule            ,0.1224,0.1885,0.1484,313
efficientnet_b0     ,heldout,f1opt             ,Pleural_Thickening,0.0837,0.2273,0.1223,176
efficientnet_b0     ,heldout,f1opt             ,Pneumonia         ,0.0225,0.0645,0.0333,62
efficientnet_b0     ,heldout,f1opt             ,Pneumothorax      ,0.1617,0.3838,0.2276,271
efficientnet_b0     ,heldout,f1opt             ,<micro avg>       ,0.1883,0.3726,0.2502,3934
efficientnet_b0     ,heldout,f1opt             ,<macro avg>       ,0.1241,0.251,0.164,3934
efficientnet_b0     ,heldout,f1opt             ,<weighted avg>    ,0.1936,0.3726,0.2529,3934
